<?xml version="1.0" encoding="UTF-8"?>
<project-private xmlns="http://www.netbeans.org/ns/project-private/1">
    <editor-bookmarks xmlns="http://www.netbeans.org/ns/editor-bookmarks/2" lastBookmarkId="0"/>
    <open-files xmlns="http://www.netbeans.org/ns/projectui-open-files/2">
        <group>
            <file>file:/C:/Users/Administrador/Documents/NetBeansProjects/PlantasVsZombies/src/zoombies/SelecNivel.java</file>
            <file>file:/C:/Users/Administrador/Documents/NetBeansProjects/PlantasVsZombies/src/zoombies/zombies.java</file>
            <file>file:/C:/Users/Administrador/Documents/NetBeansProjects/PlantasVsZombies/src/zoombies/zombieCubeta.java</file>
            <file>file:/C:/Users/Administrador/Documents/NetBeansProjects/PlantasVsZombies/src/zoombies/Cartas.java</file>
            <file>file:/C:/Users/Administrador/Documents/NetBeansProjects/PlantasVsZombies/src/zoombies/Jarrones.java</file>
            <file>file:/C:/Users/Administrador/Documents/NetBeansProjects/PlantasVsZombies/src/zoombies/Minijuegos.java</file>
            <file>file:/C:/Users/Administrador/Documents/NetBeansProjects/PlantasVsZombies/src/zoombies/Plantas.java</file>
        </group>
    </open-files>
</project-private>
