<?xml version="1.0" encoding="UTF-8"?>
<project-private xmlns="http://www.netbeans.org/ns/project-private/1">
    <editor-bookmarks xmlns="http://www.netbeans.org/ns/editor-bookmarks/2" lastBookmarkId="0"/>
    <open-files xmlns="http://www.netbeans.org/ns/projectui-open-files/2">
        <group>
            <file>file:/home/aaron/NetBeansProjects/PlantasVsZombies/src/zoombies/Plantas.java</file>
            <file>file:/home/aaron/NetBeansProjects/PlantasVsZombies/src/zoombies/BackgroundSound.java</file>
            <file>file:/home/aaron/NetBeansProjects/PlantasVsZombies/src/Java/resources/play.jpeg</file>
            <file>file:/home/aaron/NetBeansProjects/PlantasVsZombies/src/zoombies/Menu.java</file>
        </group>
    </open-files>
</project-private>
